"rule_type","rule_time","Group"
"Retaliation",194,"1"
"Retaliation",1,"1"
"Retaliation",12,"1"
"Retaliation",12,"1"
"Retaliation",183,"1"
"Retaliation",579,"1"
"Retaliation",2,"1"
"Retaliation",2,"1"
"Retaliation",2391,"1"
"Retaliation",2,"1"
"Retaliation",339,"1"
"Retaliation",3,"1"
"Retaliation",1,"1"
"Retaliation",33,"1"
"Retaliation",22,"1"
"Retaliation",1,"1"
"Pile-on",1,"1"
"Pile-on",81,"1"
"Pile-on",11,"1"
"Pile-on",1,"1"
"Pile-on",4,"1"
"Pile-on",8,"1"
"Pile-on",6,"1"
"Pile-on",18,"1"
"Pile-on",15,"1"
"Pile-on",5,"1"
"Pile-on",120,"1"
"Pile-on",13,"1"
"Pile-on",12,"1"
"Pile-on",2,"1"
"Pile-on",14,"1"
"Pile-on",11,"1"
"Pile-on",13,"1"
"Pile-on",11,"1"
"Pile-on",17,"1"
"Pile-on",110,"1"
"Pile-on",2,"1"
"Pile-on",57,"1"
"Pile-on",31,"1"
"Pile-on",7,"1"
"Pile-on",7,"1"
"Pile-on",3,"1"
"Pile-on",43,"1"
"Pile-on",22,"1"
"Pile-on",10,"1"
"Pile-on",61,"1"
"Pile-on",5,"1"
"Pile-on",5,"1"
"Pile-on",2,"1"
"Pile-on",40,"1"
"Pile-on",2,"1"
"Pile-on",12,"1"
"Pile-on",1,"1"
"Pile-on",1,"1"
"Pile-on",4,"1"
"Pile-on",3,"1"
"Pile-on",2,"1"
"Pile-on",2,"1"
"Pile-on",1,"1"
"Pile-on",2,"1"
"Pile-on",3,"1"
"Pile-on",10,"1"
"Pile-on",31,"1"
"Pile-on",2,"1"
"Pile-on",83,"1"
"Pile-on",2,"1"
"Pile-on",14,"1"
"Pile-on",3,"1"
"Pile-on",8,"1"
"Pile-on",2,"1"
"Pile-on",5,"1"
"Pile-on",9,"1"
"Pile-on",79,"1"
"Pile-on",59,"1"
"Pile-on",53,"1"
"Pile-on",21,"1"
"Pile-on",199,"1"
"Pile-on",12,"1"
"Pile-on",2,"1"
"Pile-on",84,"1"
"Pile-on",2,"1"
"Pile-on",1,"1"
"Pile-on",2,"1"
"Pile-on",1,"1"
"Pile-on",5,"1"
"Pile-on",2,"1"
"Pile-on",5,"1"
"Pile-on",165,"1"
"Pile-on",12,"1"
"Pile-on",11,"1"
"Pile-on",4,"1"
"Pile-on",19,"1"
"Pile-on",1,"1"
"Pile-on",3,"1"
"Pile-on",59,"1"
"Pile-on",2,"1"
"Pile-on",246,"1"
"Pile-on",2,"1"
"Pile-on",1,"1"
"Pile-on",9,"1"
"Pile-on",74,"1"
"Pile-on",2,"1"
"Pile-on",2,"1"
"Pile-on",15,"1"
"Pile-on",102,"1"
"Pile-on",22,"1"
"Pile-on",1541,"1"
"Pile-on",239,"1"
"Pile-on",5,"1"
"Pile-on",20,"1"
"Pile-on",1,"1"
"Pile-on",2,"1"
"Pile-on",2,"1"
"Pile-on",15,"1"
"Pile-on",179,"1"
"Pile-on",277,"1"
"Pile-on",811,"1"
"Pile-on",117,"1"
"Pile-on",4,"1"
"Pile-on",12,"1"
"Pile-on",145,"1"
"Pile-on",56,"1"
"Pile-on",49,"1"
"Pile-on",134,"1"
"Pile-on",7,"1"
"Pile-on",74,"1"
"Pile-on",1,"1"
"Pile-on",2,"1"
"Pile-on",1,"1"
"Pile-on",4,"1"
"Pile-on",2,"1"
"Pile-on",73,"1"
"Pile-on",13,"1"
"Pile-on",1,"1"
"Pile-on",33,"1"
"Pile-on",13,"1"
"Pile-on",18,"1"
"Pile-on",6,"1"
"Pile-on",30,"1"
"Pile-on",9,"1"
"Pile-on",14,"1"
"Pile-on",420,"1"
"Pile-on",74,"1"
"Pile-on",11,"1"
"Pile-on",35,"1"
"Pile-on",3,"1"
"Pile-on",2,"1"
"Pile-on",15,"1"
"Pile-on",27,"1"
"Pile-on",6,"1"
"Pile-on",5,"1"
"Pile-on",3,"1"
"Pile-on",21,"1"
"Pile-on",10,"1"
"Pile-on",50,"1"
"Pile-on",11,"1"
"Pile-on",73,"1"
"Pile-on",25,"1"
"Pile-on",7,"1"
"Pile-on",27,"1"
"Pile-on",130,"1"
"Pile-on",47,"1"
"Pile-on",170,"1"
"Pile-on",14,"1"
"Pile-on",40,"1"
"Pile-on",17,"1"
"Pile-on",4,"1"
"Pile-on",2,"1"
"Pile-on",2,"1"
"Pile-on",22,"1"
"Pile-on",1,"1"
"Pile-on",17,"1"
"Pile-on",5,"1"
"Pile-on",21,"1"
"Pile-on",2,"1"
"Pile-on",2,"1"
"Pile-on",11,"1"
"Pile-on",1,"1"
"Pile-on",16,"1"
"Pile-on",1,"1"
"Pile-on",6,"1"
"Pile-on",53,"1"
"Pile-on",39,"1"
"Pile-on",11,"1"
"Pile-on",25,"1"
"Pile-on",3,"1"
"Pile-on",46,"1"
"Pile-on",13,"1"
"Pile-on",35,"1"
"Pile-on",22,"1"
"Pile-on",18,"1"
"Pile-on",7,"1"
"Pile-on",17,"1"
"Pile-on",141,"1"
"Pile-on",7,"1"
"Pile-on",2,"1"
"Pile-on",301,"1"
"Pile-on",58,"1"
"Pile-on",79,"1"
"Pile-on",8,"1"
"Pile-on",80,"1"
"Pile-on",1,"1"
"Pile-on",38,"1"
"Pile-on",5,"1"
"Pile-on",2,"1"
"Pile-on",2,"1"
"Pile-on",1,"1"
"Pile-on",78,"1"
"Pile-on",5,"1"
"Pile-on",169,"1"
"Pile-on",2,"1"
"Pile-on",8,"1"
"Pile-on",18,"1"
"Pass-along",142,"1"
"Pass-along",339,"1"
"Pass-along",177,"1"
"Pass-along",191,"1"
"Pass-along",407,"1"
"Pass-along",375,"1"
"Pass-along",5,"1"
"Pass-along",50,"1"
"Pass-along",432,"1"
"Pass-along",102,"1"
"Pass-along",78,"1"
"Pass-along",68,"1"
"Pass-along",58,"1"
"Pass-along",706,"1"
"Pass-along",940,"1"
"Pass-along",173,"1"
"Pass-along",145,"1"
"Pass-along",535,"1"
"Pass-along",4,"1"
"Pass-along",43,"1"
"Pass-along",3,"1"
"Pass-along",2,"1"
"Pass-along",1214,"1"
"Pass-along",1932,"1"
"Pass-along",1434,"1"
"Pass-along",1476,"1"
"Pass-along",250,"1"
"Pass-along",151,"1"
"Pass-along",2604,"1"
"Pass-along",392,"1"
"Pass-along",245,"1"
"Pass-along",165,"1"
"Pass-along",28,"1"
"Pass-along",51,"1"
"Pass-along",13,"1"
"Pass-along",234,"1"
"Pass-along",60,"1"
"Pass-along",105,"1"
"Pass-along",1336,"1"
"Pass-along",330,"1"
"Pass-along",31,"1"
"Pass-along",288,"1"
"Pass-along",68,"1"
"Pass-along",787,"1"
"Pass-along",56,"1"
"Pass-along",251,"1"
"Pass-along",668,"1"
"Pass-along",531,"1"
"Pass-along",389,"1"
"Pass-along",60,"1"
"Pass-along",74,"1"
"Pass-along",63,"1"
"Pass-along",936,"1"
"Pass-along",107,"1"
"Pass-along",137,"1"
"Pass-along",24,"1"
"Pass-along",224,"1"
"Pass-along",229,"1"
"Pass-along",84,"1"
"Pass-along",4,"1"
"Pass-along",7,"1"
"Pass-along",454,"1"
"Pass-along",89,"1"
"Pass-along",1230,"1"
"Pass-along",662,"1"
"Pass-along",134,"1"
"Pass-along",768,"1"
"Pass-along",834,"1"
"Pass-along",752,"1"
"Pass-along",124,"1"
"Pass-along",2084,"1"
"Pass-along",1326,"1"
"Pass-along",351,"1"
"Pass-along",63,"1"
"Pass-along",1424,"1"
"Pass-along",303,"1"
"Pass-along",929,"1"
"Pass-along",1999,"1"
"Pass-along",1307,"1"
"Pass-along",195,"1"
"Pass-along",1107,"1"
"Pass-along",1440,"1"
"Pass-along",1837,"1"
"Pass-along",762,"1"
"Pass-along",197,"1"
"Pass-along",7,"1"
"Pass-along",85,"1"
"Pass-along",582,"1"
"Pass-along",13,"1"
"Pass-along",330,"1"
"Pass-along",6,"1"
"Pass-along",100,"1"
"Pass-along",2036,"1"
"Pass-along",517,"1"
"Pass-along",1429,"1"
"Pass-along",3028,"1"
"Pass-along",1618,"1"
"Pass-along",612,"1"
"Pass-along",2429,"1"
"Pass-along",160,"1"
"Pass-along",440,"1"
"Pass-along",10,"1"
"Pass-along",230,"1"
"Pass-along",193,"1"
"Pass-along",625,"1"
"Pass-along",726,"1"
"Pass-along",1008,"1"
"Pass-along",48,"1"
"Pass-along",538,"1"
"Pass-along",1167,"1"
"Pass-along",130,"1"
"Pass-along",620,"1"
"Pass-along",10,"1"
"Pass-along",17,"1"
"Pass-along",66,"1"
"Pass-along",349,"1"
"Pass-along",1078,"1"
"Pass-along",397,"1"
"Pass-along",56,"1"
"Pass-along",1,"1"
"Pass-along",482,"1"
"Pass-along",1697,"1"
"Pass-along",233,"1"
"Pass-along",18,"1"
"Pass-along",11,"1"
"Pass-along",1007,"1"
"Pass-along",288,"1"
"Pass-along",345,"1"
"Pass-along",236,"1"
"Pass-along",3,"1"
"Pass-along",93,"1"
"Pass-along",24,"1"
"Pass-along",11,"1"
"Pass-along",5,"1"
"Pass-along",2464,"1"
"Pass-along",874,"1"
"Pass-along",17,"1"
"Pass-along",2254,"1"
"Pass-along",468,"1"
"Pass-along",271,"1"
"Pass-along",535,"1"
"Pass-along",352,"1"
"Pass-along",38,"1"
"Pass-along",478,"1"
"Pass-along",256,"1"
"Pass-along",3230,"1"
"Pass-along",2020,"1"
"Pass-along",654,"1"
"Pass-along",10,"1"
"Pass-along",95,"1"
"Pass-along",916,"1"
"Pass-along",4954,"1"
"Pass-along",1232,"1"
"Pass-along",379,"1"
"Pass-along",1044,"1"
"Pass-along",389,"1"
"Pass-along",175,"1"
"Pass-along",1463,"1"
"Pass-along",106,"1"
"Pass-along",52,"1"
"Pass-along",1953,"1"
"Pass-along",44,"1"
"Pass-along",1092,"1"
"Pass-along",1194,"1"
"Pass-along",334,"1"
"Pass-along",670,"1"
"Pass-along",1824,"1"
"Pass-along",2116,"1"
"Pass-along",439,"1"
"Pass-along",227,"1"
"Pass-along",723,"1"
"Pass-along",621,"1"
"Pass-along",385,"1"
"Pass-along",413,"1"
"Pass-along",421,"1"
"Pass-along",532,"1"
"Pass-along",1231,"1"
"Pass-along",3340,"1"
"Pass-along",390,"1"
"Pass-along",189,"1"
"Pass-along",65,"1"
"Pass-along",599,"1"
"Pass-along",425,"1"
"Pass-along",11,"1"
"Pass-along",837,"1"
"Pass-along",405,"1"
"Pass-along",928,"1"
"Pass-along",546,"1"
"Pass-along",52,"1"
"Pass-along",2,"1"
"Pass-along",544,"1"
"Pass-along",49,"1"
"Pass-along",234,"1"
"Pass-along",20,"1"
"Pass-along",207,"1"
"Pass-along",479,"1"
"Pass-along",1422,"1"
"Pass-along",40,"1"
"Pass-along",1595,"1"
"Pass-along",60,"1"
"Pass-along",1200,"1"
"Pass-along",1571,"1"
"Pass-along",175,"1"
"Pass-along",97,"1"
"Pass-along",434,"1"
"Pass-along",726,"1"
"Pass-along",29,"1"
"Pass-along",630,"1"
"Pass-along",30,"1"
"Pass-along",63,"1"
"Pass-along",311,"1"
"Pass-along",128,"1"
"Pass-along",421,"1"
"Pass-along",6,"1"
"Pass-along",325,"1"
"Pass-along",287,"1"
"Pass-along",145,"1"
"Pass-along",320,"1"
"Pass-along",426,"1"
"Pass-along",239,"1"
"Pass-along",191,"1"
"Pass-along",255,"1"
"Pass-along",219,"1"
"Pass-along",777,"1"
"Pass-along",94,"1"
"Pass-along",346,"1"
"Pass-along",491,"1"
"Pass-along",33,"1"
"Pass-along",216,"1"
"Pass-along",2616,"1"
"Pass-along",172,"1"
"Pass-along",12,"1"
"Pass-along",1274,"1"
"Pass-along",359,"1"
"Pass-along",1359,"1"
"Pass-along",683,"1"
"Pass-along",407,"1"
"Pass-along",758,"1"
"Pass-along",1060,"1"
"Pass-along",79,"1"
"Pass-along",548,"1"
"Pass-along",137,"1"
"Pass-along",127,"1"
"Pass-along",837,"1"
"Pass-along",1220,"1"
"Pass-along",834,"1"
"Pass-along",174,"1"
"Pass-along",273,"1"
"Pass-along",765,"1"
"Pass-along",306,"1"
"Pass-along",79,"1"
"Pass-along",656,"1"
"Pass-along",553,"1"
"Pass-along",371,"1"
"Pass-along",259,"1"
"Pass-along",383,"1"
"Pass-along",511,"1"
"Pass-along",29,"1"
"Pass-along",357,"1"
"Pass-along",324,"1"
"Pass-along",1927,"1"
"Pass-along",437,"1"
"Pass-along",847,"1"
"Pass-along",511,"1"
"Pass-along",909,"1"
"Pass-along",261,"1"
"Pass-along",29,"1"
"Pass-along",98,"1"
"Pass-along",13,"1"
"Pass-along",842,"1"
"Pass-along",44,"1"
"Pass-along",38,"1"
"Pass-along",238,"1"
"Pass-along",878,"1"
"Pass-along",1476,"1"
"Pass-along",890,"1"
"Pass-along",113,"1"
"Pass-along",495,"1"
"Pass-along",5,"1"
"Pass-along",138,"1"
"Pass-along",53,"1"
"Pass-along",2,"1"
"Pass-along",832,"1"
"Pass-along",2641,"1"
"Pass-along",1759,"1"
"Pass-along",70,"1"
"Pass-along",58,"1"
"Pass-along",137,"1"
"Pass-along",1882,"1"
"Pass-along",521,"1"
"Pass-along",51,"1"
"Pass-along",26,"1"
"Pass-along",132,"1"
"Pass-along",404,"1"
"Pass-along",158,"1"
"Pass-along",135,"1"
"Pass-along",3149,"1"
"Pass-along",74,"1"
"Pass-along",714,"1"
"Pass-along",4559,"1"
"Pass-along",1509,"1"
"Pass-along",535,"1"
"Pass-along",4,"1"
"Pass-along",15,"1"
"Pass-along",30,"1"
"Pass-along",1795,"1"
"Pass-along",1775,"1"
"Pass-along",179,"1"
"Pass-along",2399,"1"
"Pass-along",61,"1"
"Pass-along",890,"1"
"Pass-along",95,"1"
"Pass-along",1068,"1"
"Pass-along",24,"1"
"Pass-along",245,"1"
"Pass-along",13,"1"
"Pass-along",883,"1"
"Pass-along",5,"1"
"Pass-along",269,"1"
"Pass-along",579,"1"
"Pass-along",180,"1"
"Pass-along",64,"1"
"Pass-along",201,"1"
"Pass-along",840,"1"
"Pass-along",3401,"1"
"Pass-along",1327,"1"
"Pass-along",7,"1"
"Pass-along",192,"1"
"Pass-along",1692,"1"
"Pass-along",532,"1"
"Pass-along",41,"1"
"Pass-along",531,"1"
"Pass-along",513,"1"
"Pass-along",346,"1"
"Pass-along",1107,"1"
"Pass-along",318,"1"
"Pass-along",8,"1"
"Pass-along",182,"1"
"Pass-along",4,"1"
"Pass-along",341,"1"
"Pass-along",10,"1"
"Pass-along",442,"1"
"Pass-along",131,"1"
"Pass-along",244,"1"
"Pass-along",28,"1"
"Pass-along",430,"1"
"Pass-along",459,"1"
"Pass-along",2326,"1"
"Pass-along",1715,"1"
"Pass-along",1638,"1"
"Pass-along",1716,"1"
"Pass-along",405,"1"
"Pass-along",991,"1"
"Pass-along",46,"1"
"Pass-along",1461,"1"
"Pass-along",21,"1"
"Pass-along",61,"1"
"Pass-along",31,"1"
"Pass-along",589,"1"
"Pass-along",532,"1"
"Pass-along",2854,"1"
"Pass-along",774,"1"
"Pass-along",55,"1"
"Pass-along",5,"1"
"Pass-along",1810,"1"
"Pass-along",47,"1"
"Pass-along",157,"1"
"Pass-along",589,"1"
"Pass-along",203,"1"
"Pass-along",606,"1"
"Pass-along",122,"1"
"Pass-along",77,"1"
"Pass-along",695,"1"
"Pass-along",699,"1"
"Pass-along",15,"1"
"Pass-along",843,"1"
"Pass-along",1282,"1"
"Pass-along",3,"1"
"Pass-along",239,"1"
"Punishment",45,"1"
"Punishment",720,"1"
"Punishment",254,"1"
"Punishment",4032,"1"
"Punishment",95,"1"
"Punishment",1002,"1"
"Punishment",45,"1"
"Punishment",123,"1"
"Punishment",768,"1"
"Punishment",1,"1"
"Punishment",41,"1"
"Punishment",172,"1"
"Punishment",17,"1"
"Punishment",10,"1"
"Punishment",157,"1"
"Punishment",294,"1"
"Punishment",149,"1"
"Punishment",65,"1"
"Punishment",112,"1"
"Punishment",77,"1"
"Punishment",346,"1"
"Punishment",29,"1"
"Punishment",4,"1"
"Punishment",10,"1"
"Punishment",104,"1"
"Punishment",82,"1"
"Punishment",11,"1"
"Punishment",152,"1"
"Punishment",5,"1"
"Punishment",418,"1"
"Punishment",563,"1"
"Punishment",8,"1"
"Punishment",919,"1"
"Punishment",1225,"1"
"Punishment",3,"1"
"Punishment",1892,"1"
"Punishment",33,"1"
"Punishment",116,"1"
"Punishment",1025,"1"
"Punishment",230,"1"
"Punishment",59,"1"
"Punishment",1552,"1"
"Punishment",233,"1"
"Punishment",26,"1"
"Punishment",20,"1"
"Punishment",1,"1"
"Punishment",53,"1"
"Punishment",797,"1"
"Punishment",1097,"1"
"Punishment",292,"1"
"Punishment",1090,"1"
"Punishment",1079,"1"
"Punishment",96,"1"
"Punishment",364,"1"
"Punishment",5474,"1"
"Punishment",75,"1"
"Punishment",94,"1"
"Punishment",2,"1"
"Punishment",2,"1"
"Punishment",420,"1"
"Punishment",9,"1"
"Punishment",108,"1"
"Punishment",37,"1"
"Punishment",377,"1"
"Punishment",337,"1"
"Punishment",39,"1"
"Punishment",2056,"1"
"Punishment",2065,"1"
"Punishment",35,"1"
"Punishment",670,"1"
"Punishment",194,"1"
"Punishment",72,"1"
"Punishment",9,"1"
"Punishment",110,"1"
"Punishment",403,"1"
"Punishment",16,"1"
"Punishment",463,"1"
"Punishment",182,"1"
"Punishment",146,"1"
"Punishment",918,"1"
"Punishment",265,"1"
"Punishment",320,"1"
"Punishment",123,"1"
"Punishment",1065,"1"
"Punishment",84,"1"
"Punishment",6,"1"
"Punishment",4,"1"
"Punishment",703,"1"
"Punishment",559,"1"
"Punishment",236,"1"
"Punishment",116,"1"
"Punishment",1150,"1"
"Punishment",145,"1"
"Punishment",364,"1"
"Punishment",271,"1"
"Punishment",193,"1"
"Punishment",210,"1"
"Punishment",3,"1"
"Punishment",411,"1"
"Punishment",51,"1"
"Punishment",32,"1"
"Punishment",3,"1"
"Punishment",36,"1"
"Punishment",17,"1"
"Punishment",941,"1"
"Punishment",580,"1"
"Punishment",251,"1"
"Punishment",302,"1"
"Punishment",1600,"1"
"Punishment",4,"1"
"Punishment",681,"1"
"Punishment",401,"1"
"Punishment",449,"1"
"Punishment",115,"1"
"Punishment",1387,"1"
"Punishment",454,"1"
"Punishment",9,"1"
"Punishment",276,"1"
"Punishment",226,"1"
"Punishment",143,"1"
"Punishment",93,"1"
"Punishment",6,"1"
"Punishment",541,"1"
"Punishment",171,"1"
"Punishment",4081,"1"
"Punishment",295,"1"
"Punishment",1286,"1"
"Punishment",89,"1"
"Punishment",45,"1"
"Punishment",523,"1"
"Punishment",124,"1"
"Punishment",327,"1"
"Punishment",74,"1"
"Punishment",62,"1"
"Punishment",105,"1"
"Punishment",401,"1"
"Punishment",139,"1"
"Punishment",211,"1"
"Punishment",257,"1"
"Punishment",351,"1"
"Punishment",621,"1"
"Punishment",556,"1"
"Punishment",513,"1"
"Punishment",1613,"1"
"Punishment",44,"1"
"Punishment",5,"1"
"Punishment",258,"1"
"Punishment",46,"1"
"Punishment",773,"1"
"Punishment",46,"1"
"Punishment",1698,"1"
"Punishment",233,"1"
"Punishment",400,"1"
"Punishment",211,"1"
"Punishment",80,"1"
"Punishment",342,"1"
"Punishment",9,"1"
"Punishment",36,"1"
"Punishment",335,"1"
"Punishment",1,"1"
"Punishment",59,"1"
"Punishment",38,"1"
"Punishment",36,"1"
"Punishment",56,"1"
"Punishment",25,"1"
"Punishment",950,"1"
"Punishment",149,"1"
"Punishment",550,"1"
"Punishment",66,"1"
"Punishment",35,"1"
"Punishment",2,"1"
"Punishment",191,"1"
"Punishment",3002,"1"
"Punishment",39,"1"
"Punishment",449,"1"
"Punishment",161,"1"
"Punishment",3,"1"
"Punishment",16,"1"
"Punishment",462,"1"
"Opportunism",907,"1"
"Opportunism",767,"1"
"Opportunism",1,"1"
"Opportunism",268,"1"
"Opportunism",782,"1"
"Opportunism",2462,"1"
"Opportunism",1244,"1"
"Opportunism",267,"1"
"Opportunism",51,"1"
"Opportunism",312,"1"
"Opportunism",8,"1"
"Opportunism",123,"1"
"Opportunism",861,"1"
"Opportunism",1247,"1"
"Opportunism",145,"1"
"Opportunism",1804,"1"
"Opportunism",862,"1"
"Opportunism",1165,"1"
"Opportunism",921,"1"
"Opportunism",471,"1"
"Opportunism",361,"1"
"Opportunism",379,"1"
"Opportunism",427,"1"
"Opportunism",101,"1"
"Opportunism",53,"1"
"Opportunism",145,"1"
"Opportunism",43,"1"
"Opportunism",22,"1"
"Opportunism",546,"1"
"Opportunism",264,"1"
"Opportunism",2411,"1"
"Opportunism",10,"1"
"Opportunism",175,"1"
"Opportunism",658,"1"
"Opportunism",71,"1"
"Opportunism",80,"1"
"Opportunism",5,"1"
"Opportunism",2581,"1"
"Opportunism",2,"1"
"Opportunism",534,"1"
"Opportunism",1,"1"
"Opportunism",683,"1"
"Opportunism",3,"1"
"Opportunism",138,"1"
"Opportunism",1465,"1"
"Opportunism",1269,"1"
"Opportunism",10,"1"
"Opportunism",18,"1"
"Opportunism",563,"1"
"Opportunism",506,"1"
"Opportunism",565,"1"
"Opportunism",14,"1"
"Opportunism",20,"1"
"Opportunism",2,"1"
"Opportunism",32,"1"
"Opportunism",3722,"1"
"Opportunism",260,"1"
"Opportunism",261,"1"
"Opportunism",8,"1"
"Opportunism",727,"1"
"Opportunism",291,"1"
"Opportunism",9,"1"
"Opportunism",4035,"1"
"Opportunism",53,"1"
"Opportunism",860,"1"
"Opportunism",1266,"1"
"Opportunism",154,"1"
"Opportunism",1304,"1"
"Opportunism",952,"1"
"Opportunism",1,"1"
"Opportunism",295,"1"
"Opportunism",2010,"1"
"Opportunism",299,"1"
"Opportunism",188,"1"
"Opportunism",1043,"1"
"Opportunism",382,"1"
"Opportunism",228,"1"
"Opportunism",793,"1"
"Opportunism",726,"1"
"Opportunism",584,"1"
"Opportunism",36,"1"
"Opportunism",271,"1"
"Opportunism",74,"1"
"Opportunism",2,"1"
"Opportunism",2,"1"
"Opportunism",1718,"1"
"Opportunism",15,"1"
"Opportunism",1321,"1"
"Opportunism",205,"1"
"Opportunism",2658,"1"
"Opportunism",201,"1"
"Opportunism",264,"1"
"Opportunism",214,"1"
"Opportunism",15,"1"
"Opportunism",1809,"1"
"Opportunism",25,"1"
"Opportunism",4566,"1"
"Opportunism",110,"1"
"Opportunism",5973,"1"
"Opportunism",975,"1"
"Opportunism",580,"1"
"Opportunism",69,"1"
"Opportunism",929,"1"
"Opportunism",99,"1"
"Opportunism",727,"1"
"Opportunism",134,"1"
"Opportunism",7,"1"
"Opportunism",518,"1"
"Opportunism",89,"1"
"Opportunism",394,"1"
"Opportunism",716,"1"
"Opportunism",1087,"1"
"Opportunism",923,"1"
"Opportunism",23,"1"
"Opportunism",80,"1"
"Opportunism",232,"1"
"Opportunism",450,"1"
"Opportunism",18,"1"
"Opportunism",63,"1"
"Opportunism",14,"1"
"Opportunism",297,"1"
"Opportunism",290,"1"
"Opportunism",1655,"1"
"Opportunism",2045,"1"
"Opportunism",3,"1"
"Opportunism",315,"1"
"Opportunism",856,"1"
"Opportunism",143,"1"
"Opportunism",191,"1"
"Opportunism",12,"1"
"Opportunism",2,"1"
"Opportunism",68,"1"
"Opportunism",1824,"1"
"Opportunism",21,"1"
"Opportunism",10,"1"
"Opportunism",2296,"1"
"Opportunism",772,"1"
"Opportunism",497,"1"
"Opportunism",430,"1"
"Opportunism",73,"1"
"Opportunism",54,"1"
"Opportunism",9,"1"
"Opportunism",446,"1"
"Opportunism",180,"1"
"Opportunism",25,"1"
"Opportunism",317,"1"
"Opportunism",744,"1"
"Opportunism",179,"1"
"Opportunism",341,"1"
"Opportunism",7,"1"
"Opportunism",821,"1"
"Opportunism",168,"1"
"Opportunism",174,"1"
"Opportunism",812,"1"
"Opportunism",619,"1"
"Opportunism",753,"1"
"Opportunism",987,"1"
"Opportunism",313,"1"
"Opportunism",99,"1"
"Opportunism",1292,"1"
"Opportunism",3685,"1"
"Opportunism",619,"1"
"Opportunism",3179,"1"
"Opportunism",566,"1"
"Opportunism",244,"1"
"Opportunism",108,"1"
"Opportunism",115,"1"
"Opportunism",36,"1"
"Opportunism",325,"1"
"Opportunism",17,"1"
"Opportunism",983,"1"
"Opportunism",902,"1"
"Opportunism",21,"1"
"Opportunism",188,"1"
"Opportunism",164,"1"
"Opportunism",180,"1"
"Opportunism",84,"1"
"Opportunism",612,"1"
"Opportunism",548,"1"
"Opportunism",2444,"1"
"Opportunism",188,"1"
"Opportunism",3251,"1"
"Opportunism",461,"1"
"Opportunism",1879,"1"
"Opportunism",615,"1"
"Opportunism",361,"1"
"Opportunism",132,"1"
"Opportunism",2204,"1"
"Opportunism",597,"1"
"Opportunism",298,"1"
"Opportunism",137,"1"
"Opportunism",417,"1"
"Opportunism",123,"1"
"Opportunism",713,"1"
"Opportunism",1704,"1"
"Opportunism",1600,"1"
"Opportunism",263,"1"
"Opportunism",266,"1"
"Opportunism",956,"1"
"Opportunism",25,"1"
"Opportunism",182,"1"
"Opportunism",79,"1"
"Opportunism",27,"1"
"Opportunism",75,"1"
"Opportunism",3359,"1"
"Opportunism",196,"1"
"Opportunism",3636,"1"
"Opportunism",1333,"1"
"Opportunism",460,"1"
"Opportunism",492,"1"
"Opportunism",175,"1"
"Opportunism",1072,"1"
"Opportunism",78,"1"
"Opportunism",8,"1"
"Retaliation",NA,"2"
"Pile-on",117,"2"
"Pile-on",28,"2"
"Pile-on",2,"2"
"Pile-on",53,"2"
"Pile-on",45,"2"
"Pile-on",7,"2"
"Pile-on",28,"2"
"Pile-on",6,"2"
"Pile-on",5,"2"
"Pile-on",37,"2"
"Pile-on",11,"2"
"Pile-on",2,"2"
"Pile-on",61,"2"
"Pile-on",23,"2"
"Pile-on",13,"2"
"Pile-on",11,"2"
"Pile-on",3,"2"
"Pile-on",20,"2"
"Pile-on",32,"2"
"Pile-on",10,"2"
"Pile-on",10,"2"
"Pile-on",8,"2"
"Pile-on",6,"2"
"Pile-on",96,"2"
"Pile-on",5,"2"
"Pile-on",12,"2"
"Pile-on",2,"2"
"Pile-on",34,"2"
"Pile-on",29,"2"
"Pile-on",46,"2"
"Pile-on",112,"2"
"Pile-on",15,"2"
"Pile-on",18,"2"
"Pile-on",213,"2"
"Pile-on",31,"2"
"Pile-on",44,"2"
"Pile-on",1,"2"
"Pile-on",7,"2"
"Pile-on",4,"2"
"Pile-on",3,"2"
"Pile-on",8,"2"
"Pile-on",5,"2"
"Pile-on",46,"2"
"Pile-on",2,"2"
"Pile-on",1,"2"
"Pile-on",40,"2"
"Pile-on",10,"2"
"Pile-on",9,"2"
"Pile-on",17,"2"
"Pile-on",13,"2"
"Pile-on",24,"2"
"Pile-on",47,"2"
"Pile-on",4,"2"
"Pile-on",20,"2"
"Pile-on",2,"2"
"Pile-on",26,"2"
"Pile-on",26,"2"
"Pile-on",102,"2"
"Pile-on",56,"2"
"Pile-on",130,"2"
"Pile-on",28,"2"
"Pile-on",2,"2"
"Pile-on",9,"2"
"Pile-on",4,"2"
"Pile-on",3,"2"
"Pile-on",90,"2"
"Pile-on",50,"2"
"Pile-on",64,"2"
"Pile-on",4,"2"
"Pile-on",11,"2"
"Pile-on",2,"2"
"Pile-on",4,"2"
"Pile-on",12,"2"
"Pile-on",11,"2"
"Pile-on",29,"2"
"Pile-on",4,"2"
"Pile-on",19,"2"
"Pile-on",1,"2"
"Pile-on",173,"2"
"Pile-on",14,"2"
"Pile-on",1,"2"
"Pile-on",17,"2"
"Pile-on",76,"2"
"Pile-on",33,"2"
"Pile-on",22,"2"
"Pile-on",114,"2"
"Pile-on",5,"2"
"Pile-on",80,"2"
"Pile-on",4,"2"
"Pile-on",2,"2"
"Pile-on",54,"2"
"Pile-on",24,"2"
"Pile-on",10,"2"
"Pile-on",108,"2"
"Pile-on",52,"2"
"Pile-on",4,"2"
"Pile-on",15,"2"
"Pile-on",86,"2"
"Pile-on",4,"2"
"Pile-on",73,"2"
"Pile-on",3,"2"
"Pile-on",1,"2"
"Pile-on",6,"2"
"Pile-on",4,"2"
"Pile-on",110,"2"
"Pile-on",51,"2"
"Pile-on",47,"2"
"Pile-on",11,"2"
"Pile-on",51,"2"
"Pile-on",53,"2"
"Pile-on",73,"2"
"Pile-on",109,"2"
"Pile-on",21,"2"
"Pile-on",5,"2"
"Pile-on",2,"2"
"Pile-on",1,"2"
"Pile-on",21,"2"
"Pile-on",1,"2"
"Pile-on",1,"2"
"Pile-on",14,"2"
"Pile-on",8,"2"
"Pile-on",2,"2"
"Pile-on",39,"2"
"Pile-on",1,"2"
"Pile-on",7,"2"
"Pile-on",25,"2"
"Pile-on",83,"2"
"Pile-on",33,"2"
"Pile-on",6,"2"
"Pile-on",15,"2"
"Pile-on",46,"2"
"Pile-on",83,"2"
"Pile-on",105,"2"
"Pile-on",21,"2"
"Pile-on",1,"2"
"Pile-on",98,"2"
"Pile-on",3,"2"
"Pile-on",19,"2"
"Pile-on",9,"2"
"Pile-on",85,"2"
"Pile-on",3,"2"
"Pile-on",6,"2"
"Pile-on",6,"2"
"Pile-on",7,"2"
"Pile-on",479,"2"
"Pile-on",58,"2"
"Pile-on",4,"2"
"Pile-on",47,"2"
"Pile-on",195,"2"
"Pile-on",123,"2"
"Pile-on",4,"2"
"Pile-on",2,"2"
"Pass-along",241,"2"
"Pass-along",125,"2"
"Pass-along",2,"2"
"Pass-along",681,"2"
"Pass-along",154,"2"
"Pass-along",153,"2"
"Pass-along",34,"2"
"Pass-along",294,"2"
"Pass-along",35,"2"
"Pass-along",141,"2"
"Pass-along",1378,"2"
"Pass-along",2,"2"
"Pass-along",54,"2"
"Pass-along",105,"2"
"Pass-along",8,"2"
"Pass-along",13,"2"
"Pass-along",104,"2"
"Pass-along",12,"2"
"Pass-along",34,"2"
"Pass-along",23,"2"
"Pass-along",484,"2"
"Pass-along",21,"2"
"Pass-along",24,"2"
"Pass-along",10,"2"
"Pass-along",119,"2"
"Pass-along",172,"2"
"Pass-along",8,"2"
"Pass-along",38,"2"
"Pass-along",57,"2"
"Pass-along",173,"2"
"Pass-along",259,"2"
"Pass-along",8,"2"
"Pass-along",361,"2"
"Pass-along",81,"2"
"Pass-along",167,"2"
"Pass-along",285,"2"
"Pass-along",293,"2"
"Pass-along",164,"2"
"Pass-along",240,"2"
"Pass-along",536,"2"
"Pass-along",181,"2"
"Pass-along",9,"2"
"Pass-along",57,"2"
"Pass-along",214,"2"
"Pass-along",314,"2"
"Pass-along",213,"2"
"Pass-along",295,"2"
"Pass-along",875,"2"
"Pass-along",1025,"2"
"Pass-along",881,"2"
"Pass-along",776,"2"
"Pass-along",227,"2"
"Pass-along",5,"2"
"Pass-along",174,"2"
"Pass-along",20,"2"
"Pass-along",14,"2"
"Pass-along",12,"2"
"Pass-along",3,"2"
"Pass-along",568,"2"
"Pass-along",7,"2"
"Pass-along",8,"2"
"Pass-along",523,"2"
"Pass-along",683,"2"
"Pass-along",284,"2"
"Pass-along",15,"2"
"Pass-along",125,"2"
"Pass-along",9,"2"
"Pass-along",387,"2"
"Pass-along",561,"2"
"Pass-along",92,"2"
"Pass-along",157,"2"
"Pass-along",153,"2"
"Pass-along",458,"2"
"Pass-along",50,"2"
"Pass-along",234,"2"
"Pass-along",173,"2"
"Pass-along",44,"2"
"Pass-along",142,"2"
"Pass-along",4,"2"
"Pass-along",221,"2"
"Pass-along",24,"2"
"Pass-along",23,"2"
"Pass-along",3,"2"
"Pass-along",28,"2"
"Pass-along",45,"2"
"Pass-along",3,"2"
"Pass-along",5,"2"
"Pass-along",293,"2"
"Pass-along",147,"2"
"Pass-along",268,"2"
"Pass-along",4,"2"
"Pass-along",156,"2"
"Pass-along",113,"2"
"Pass-along",61,"2"
"Pass-along",193,"2"
"Pass-along",93,"2"
"Pass-along",122,"2"
"Pass-along",49,"2"
"Pass-along",26,"2"
"Pass-along",6,"2"
"Pass-along",15,"2"
"Pass-along",30,"2"
"Pass-along",142,"2"
"Pass-along",1931,"2"
"Pass-along",778,"2"
"Pass-along",12,"2"
"Pass-along",381,"2"
"Pass-along",280,"2"
"Pass-along",627,"2"
"Pass-along",610,"2"
"Pass-along",298,"2"
"Pass-along",33,"2"
"Pass-along",24,"2"
"Pass-along",4,"2"
"Pass-along",329,"2"
"Pass-along",181,"2"
"Pass-along",168,"2"
"Pass-along",121,"2"
"Pass-along",45,"2"
"Pass-along",47,"2"
"Pass-along",50,"2"
"Pass-along",121,"2"
"Pass-along",1079,"2"
"Pass-along",482,"2"
"Pass-along",499,"2"
"Pass-along",85,"2"
"Pass-along",663,"2"
"Pass-along",38,"2"
"Pass-along",173,"2"
"Pass-along",18,"2"
"Pass-along",253,"2"
"Pass-along",119,"2"
"Pass-along",290,"2"
"Pass-along",195,"2"
"Pass-along",17,"2"
"Pass-along",253,"2"
"Pass-along",279,"2"
"Pass-along",411,"2"
"Pass-along",2,"2"
"Pass-along",226,"2"
"Pass-along",848,"2"
"Pass-along",49,"2"
"Pass-along",68,"2"
"Pass-along",702,"2"
"Pass-along",2,"2"
"Pass-along",173,"2"
"Pass-along",94,"2"
"Pass-along",244,"2"
"Pass-along",36,"2"
"Pass-along",12,"2"
"Pass-along",89,"2"
"Pass-along",220,"2"
"Pass-along",2524,"2"
"Pass-along",144,"2"
"Pass-along",29,"2"
"Pass-along",80,"2"
"Pass-along",22,"2"
"Pass-along",9,"2"
"Pass-along",14,"2"
"Pass-along",269,"2"
"Pass-along",143,"2"
"Pass-along",634,"2"
"Pass-along",621,"2"
"Pass-along",111,"2"
"Pass-along",105,"2"
"Pass-along",357,"2"
"Pass-along",754,"2"
"Pass-along",481,"2"
"Pass-along",79,"2"
"Pass-along",255,"2"
"Pass-along",71,"2"
"Pass-along",5,"2"
"Pass-along",30,"2"
"Pass-along",1044,"2"
"Pass-along",6,"2"
"Pass-along",25,"2"
"Pass-along",28,"2"
"Pass-along",123,"2"
"Pass-along",255,"2"
"Pass-along",839,"2"
"Pass-along",157,"2"
"Pass-along",110,"2"
"Pass-along",661,"2"
"Pass-along",304,"2"
"Pass-along",291,"2"
"Pass-along",436,"2"
"Pass-along",7,"2"
"Pass-along",196,"2"
"Pass-along",32,"2"
"Pass-along",1204,"2"
"Pass-along",182,"2"
"Pass-along",533,"2"
"Pass-along",1096,"2"
"Pass-along",56,"2"
"Pass-along",142,"2"
"Pass-along",160,"2"
"Pass-along",80,"2"
"Pass-along",5,"2"
"Pass-along",225,"2"
"Pass-along",236,"2"
"Pass-along",511,"2"
"Pass-along",943,"2"
"Pass-along",26,"2"
"Pass-along",53,"2"
"Pass-along",2129,"2"
"Pass-along",244,"2"
"Pass-along",28,"2"
"Pass-along",87,"2"
"Pass-along",10,"2"
"Pass-along",606,"2"
"Pass-along",2,"2"
"Pass-along",148,"2"
"Pass-along",365,"2"
"Pass-along",120,"2"
"Pass-along",54,"2"
"Pass-along",119,"2"
"Pass-along",268,"2"
"Pass-along",156,"2"
"Pass-along",29,"2"
"Pass-along",1216,"2"
"Pass-along",57,"2"
"Pass-along",341,"2"
"Pass-along",50,"2"
"Pass-along",9,"2"
"Pass-along",220,"2"
"Pass-along",342,"2"
"Pass-along",357,"2"
"Pass-along",108,"2"
"Pass-along",2,"2"
"Pass-along",695,"2"
"Pass-along",80,"2"
"Pass-along",296,"2"
"Pass-along",70,"2"
"Pass-along",280,"2"
"Pass-along",66,"2"
"Pass-along",13,"2"
"Pass-along",7,"2"
"Pass-along",120,"2"
"Pass-along",387,"2"
"Pass-along",17,"2"
"Pass-along",8,"2"
"Pass-along",875,"2"
"Pass-along",60,"2"
"Pass-along",1073,"2"
"Pass-along",57,"2"
"Pass-along",133,"2"
"Pass-along",19,"2"
"Pass-along",126,"2"
"Pass-along",7,"2"
"Pass-along",48,"2"
"Pass-along",15,"2"
"Pass-along",42,"2"
"Pass-along",700,"2"
"Pass-along",45,"2"
"Pass-along",56,"2"
"Pass-along",15,"2"
"Pass-along",10,"2"
"Pass-along",194,"2"
"Pass-along",956,"2"
"Pass-along",21,"2"
"Pass-along",158,"2"
"Pass-along",259,"2"
"Pass-along",22,"2"
"Pass-along",113,"2"
"Pass-along",329,"2"
"Pass-along",21,"2"
"Pass-along",23,"2"
"Pass-along",31,"2"
"Pass-along",3,"2"
"Pass-along",20,"2"
"Pass-along",59,"2"
"Pass-along",65,"2"
"Pass-along",115,"2"
"Pass-along",5,"2"
"Pass-along",37,"2"
"Pass-along",13,"2"
"Pass-along",86,"2"
"Pass-along",79,"2"
"Pass-along",247,"2"
"Pass-along",9,"2"
"Pass-along",164,"2"
"Pass-along",115,"2"
"Pass-along",455,"2"
"Pass-along",30,"2"
"Pass-along",302,"2"
"Pass-along",469,"2"
"Pass-along",49,"2"
"Pass-along",122,"2"
"Pass-along",48,"2"
"Pass-along",12,"2"
"Pass-along",1045,"2"
"Pass-along",370,"2"
"Pass-along",64,"2"
"Pass-along",215,"2"
"Pass-along",543,"2"
"Pass-along",890,"2"
"Pass-along",1235,"2"
"Pass-along",18,"2"
"Pass-along",73,"2"
"Pass-along",265,"2"
"Pass-along",1293,"2"
"Pass-along",1288,"2"
"Pass-along",1121,"2"
"Pass-along",265,"2"
"Pass-along",1469,"2"
"Pass-along",158,"2"
"Pass-along",117,"2"
"Pass-along",201,"2"
"Pass-along",1294,"2"
"Pass-along",10,"2"
"Pass-along",1644,"2"
"Pass-along",1385,"2"
"Pass-along",1771,"2"
"Pass-along",204,"2"
"Pass-along",2,"2"
"Punishment",216,"2"
"Punishment",303,"2"
"Punishment",15,"2"
"Punishment",56,"2"
"Punishment",129,"2"
"Punishment",321,"2"
"Punishment",123,"2"
"Punishment",10,"2"
"Punishment",11,"2"
"Punishment",169,"2"
"Punishment",523,"2"
"Punishment",537,"2"
"Punishment",399,"2"
"Punishment",101,"2"
"Punishment",8,"2"
"Punishment",94,"2"
"Punishment",354,"2"
"Punishment",269,"2"
"Opportunism",602,"2"
"Opportunism",114,"2"
"Opportunism",956,"2"
"Opportunism",7,"2"
"Opportunism",3,"2"
"Opportunism",509,"2"
"Opportunism",745,"2"
"Opportunism",539,"2"
"Opportunism",438,"2"
"Opportunism",421,"2"
"Opportunism",401,"2"
"Opportunism",2052,"2"
"Opportunism",46,"2"
"Opportunism",98,"2"
"Opportunism",817,"2"
"Opportunism",139,"2"
"Opportunism",1590,"2"
"Retaliation",184,"3"
"Retaliation",46,"3"
"Retaliation",151,"3"
"Retaliation",215,"3"
"Retaliation",1273,"3"
"Pile-on",3,"3"
"Pile-on",2,"3"
"Pile-on",4,"3"
"Pile-on",4,"3"
"Pile-on",8,"3"
"Pile-on",13,"3"
"Pile-on",3,"3"
"Pile-on",17,"3"
"Pile-on",60,"3"
"Pile-on",9,"3"
"Pile-on",19,"3"
"Pile-on",4,"3"
"Pile-on",2,"3"
"Pile-on",51,"3"
"Pile-on",10,"3"
"Pile-on",25,"3"
"Pile-on",4,"3"
"Pile-on",3,"3"
"Pile-on",2,"3"
"Pile-on",45,"3"
"Pile-on",26,"3"
"Pile-on",111,"3"
"Pile-on",12,"3"
"Pile-on",14,"3"
"Pile-on",116,"3"
"Pile-on",45,"3"
"Pile-on",5,"3"
"Pile-on",7,"3"
"Pile-on",9,"3"
"Pile-on",193,"3"
"Pile-on",10,"3"
"Pile-on",60,"3"
"Pile-on",7,"3"
"Pile-on",2,"3"
"Pile-on",61,"3"
"Pile-on",3,"3"
"Pile-on",62,"3"
"Pile-on",7,"3"
"Pile-on",4,"3"
"Pile-on",23,"3"
"Pile-on",57,"3"
"Pile-on",2,"3"
"Pile-on",67,"3"
"Pile-on",66,"3"
"Pile-on",9,"3"
"Pile-on",2,"3"
"Pile-on",8,"3"
"Pile-on",25,"3"
"Pile-on",2,"3"
"Pile-on",77,"3"
"Pile-on",145,"3"
"Pile-on",112,"3"
"Pile-on",30,"3"
"Pile-on",9,"3"
"Pile-on",4,"3"
"Pile-on",2,"3"
"Pile-on",84,"3"
"Pile-on",8,"3"
"Pile-on",24,"3"
"Pile-on",123,"3"
"Pile-on",115,"3"
"Pile-on",89,"3"
"Pile-on",4,"3"
"Pile-on",2,"3"
"Pile-on",34,"3"
"Pile-on",27,"3"
"Pile-on",84,"3"
"Pile-on",61,"3"
"Pile-on",10,"3"
"Pile-on",1,"3"
"Pile-on",35,"3"
"Pile-on",2,"3"
"Pile-on",107,"3"
"Pile-on",2,"3"
"Pile-on",18,"3"
"Pile-on",10,"3"
"Pile-on",7,"3"
"Pile-on",2,"3"
"Pile-on",93,"3"
"Pile-on",79,"3"
"Pile-on",7,"3"
"Pile-on",3,"3"
"Pile-on",11,"3"
"Pile-on",111,"3"
"Pile-on",8,"3"
"Pile-on",6,"3"
"Pile-on",28,"3"
"Pile-on",5,"3"
"Pile-on",38,"3"
"Pile-on",68,"3"
"Pile-on",1,"3"
"Pile-on",191,"3"
"Pile-on",40,"3"
"Pile-on",11,"3"
"Pile-on",10,"3"
"Pile-on",10,"3"
"Pile-on",4,"3"
"Pile-on",45,"3"
"Pile-on",9,"3"
"Pile-on",29,"3"
"Pile-on",103,"3"
"Pile-on",3,"3"
"Pile-on",18,"3"
"Pile-on",2,"3"
"Pile-on",2,"3"
"Pile-on",2,"3"
"Pile-on",39,"3"
"Pile-on",6,"3"
"Pile-on",36,"3"
"Pile-on",2,"3"
"Pile-on",14,"3"
"Pile-on",36,"3"
"Pile-on",160,"3"
"Pile-on",46,"3"
"Pile-on",73,"3"
"Pile-on",211,"3"
"Pile-on",58,"3"
"Pile-on",7,"3"
"Pile-on",32,"3"
"Pile-on",8,"3"
"Pile-on",2,"3"
"Pile-on",54,"3"
"Pile-on",31,"3"
"Pile-on",399,"3"
"Pile-on",37,"3"
"Pile-on",119,"3"
"Pile-on",3,"3"
"Pile-on",83,"3"
"Pile-on",8,"3"
"Pile-on",92,"3"
"Pile-on",7,"3"
"Pile-on",20,"3"
"Pile-on",33,"3"
"Pile-on",24,"3"
"Pile-on",26,"3"
"Pile-on",18,"3"
"Pile-on",32,"3"
"Pile-on",2,"3"
"Pile-on",265,"3"
"Pile-on",11,"3"
"Pile-on",11,"3"
"Pile-on",5,"3"
"Pile-on",173,"3"
"Pile-on",315,"3"
"Pile-on",2,"3"
"Pile-on",89,"3"
"Pass-along",12,"3"
"Pass-along",1057,"3"
"Pass-along",4,"3"
"Pass-along",193,"3"
"Pass-along",1,"3"
"Pass-along",7,"3"
"Pass-along",162,"3"
"Pass-along",322,"3"
"Pass-along",1,"3"
"Pass-along",2,"3"
"Pass-along",17,"3"
"Pass-along",12,"3"
"Pass-along",9,"3"
"Pass-along",52,"3"
"Pass-along",433,"3"
"Pass-along",124,"3"
"Pass-along",216,"3"
"Pass-along",120,"3"
"Pass-along",1396,"3"
"Pass-along",47,"3"
"Pass-along",12,"3"
"Pass-along",3,"3"
"Pass-along",4,"3"
"Pass-along",14,"3"
"Pass-along",55,"3"
"Pass-along",186,"3"
"Pass-along",6,"3"
"Pass-along",5,"3"
"Pass-along",14,"3"
"Pass-along",117,"3"
"Pass-along",39,"3"
"Pass-along",24,"3"
"Pass-along",153,"3"
"Pass-along",64,"3"
"Pass-along",167,"3"
"Pass-along",105,"3"
"Pass-along",230,"3"
"Pass-along",13,"3"
"Pass-along",42,"3"
"Pass-along",13,"3"
"Pass-along",507,"3"
"Pass-along",2,"3"
"Pass-along",1062,"3"
"Pass-along",19,"3"
"Pass-along",17,"3"
"Pass-along",15,"3"
"Pass-along",56,"3"
"Pass-along",2,"3"
"Pass-along",212,"3"
"Pass-along",9,"3"
"Pass-along",24,"3"
"Pass-along",38,"3"
"Pass-along",210,"3"
"Pass-along",336,"3"
"Pass-along",12,"3"
"Pass-along",35,"3"
"Pass-along",95,"3"
"Pass-along",93,"3"
"Pass-along",71,"3"
"Pass-along",1554,"3"
"Pass-along",16,"3"
"Pass-along",41,"3"
"Pass-along",58,"3"
"Pass-along",6,"3"
"Pass-along",222,"3"
"Pass-along",15,"3"
"Pass-along",138,"3"
"Pass-along",24,"3"
"Pass-along",17,"3"
"Pass-along",73,"3"
"Pass-along",138,"3"
"Pass-along",103,"3"
"Pass-along",119,"3"
"Pass-along",245,"3"
"Pass-along",38,"3"
"Pass-along",4,"3"
"Pass-along",5,"3"
"Pass-along",22,"3"
"Pass-along",9,"3"
"Pass-along",4,"3"
"Pass-along",78,"3"
"Pass-along",232,"3"
"Pass-along",43,"3"
"Pass-along",147,"3"
"Pass-along",535,"3"
"Pass-along",114,"3"
"Pass-along",230,"3"
"Pass-along",296,"3"
"Pass-along",2,"3"
"Pass-along",312,"3"
"Pass-along",629,"3"
"Pass-along",105,"3"
"Pass-along",10,"3"
"Pass-along",591,"3"
"Pass-along",206,"3"
"Pass-along",62,"3"
"Pass-along",102,"3"
"Pass-along",57,"3"
"Pass-along",75,"3"
"Pass-along",238,"3"
"Pass-along",402,"3"
"Pass-along",2,"3"
"Pass-along",1277,"3"
"Pass-along",208,"3"
"Pass-along",141,"3"
"Pass-along",17,"3"
"Pass-along",6,"3"
"Pass-along",189,"3"
"Pass-along",1447,"3"
"Pass-along",121,"3"
"Pass-along",691,"3"
"Pass-along",38,"3"
"Pass-along",49,"3"
"Pass-along",169,"3"
"Pass-along",757,"3"
"Pass-along",566,"3"
"Pass-along",105,"3"
"Pass-along",336,"3"
"Pass-along",632,"3"
"Pass-along",434,"3"
"Pass-along",372,"3"
"Pass-along",240,"3"
"Pass-along",25,"3"
"Pass-along",314,"3"
"Pass-along",86,"3"
"Pass-along",58,"3"
"Pass-along",240,"3"
"Pass-along",102,"3"
"Pass-along",52,"3"
"Pass-along",831,"3"
"Pass-along",12,"3"
"Pass-along",103,"3"
"Pass-along",205,"3"
"Pass-along",483,"3"
"Pass-along",462,"3"
"Pass-along",181,"3"
"Pass-along",41,"3"
"Pass-along",258,"3"
"Pass-along",9,"3"
"Pass-along",38,"3"
"Pass-along",144,"3"
"Pass-along",658,"3"
"Pass-along",511,"3"
"Pass-along",188,"3"
"Pass-along",13,"3"
"Pass-along",314,"3"
"Pass-along",90,"3"
"Pass-along",226,"3"
"Pass-along",672,"3"
"Pass-along",370,"3"
"Pass-along",4,"3"
"Pass-along",840,"3"
"Pass-along",4,"3"
"Pass-along",27,"3"
"Pass-along",232,"3"
"Pass-along",66,"3"
"Pass-along",1848,"3"
"Pass-along",1,"3"
"Pass-along",706,"3"
"Pass-along",149,"3"
"Pass-along",21,"3"
"Pass-along",195,"3"
"Pass-along",1003,"3"
"Pass-along",42,"3"
"Pass-along",357,"3"
"Pass-along",20,"3"
"Pass-along",99,"3"
"Pass-along",898,"3"
"Pass-along",768,"3"
"Pass-along",298,"3"
"Pass-along",139,"3"
"Pass-along",129,"3"
"Pass-along",113,"3"
"Pass-along",56,"3"
"Pass-along",4,"3"
"Pass-along",10,"3"
"Pass-along",13,"3"
"Pass-along",58,"3"
"Pass-along",361,"3"
"Pass-along",26,"3"
"Pass-along",40,"3"
"Pass-along",757,"3"
"Pass-along",223,"3"
"Pass-along",64,"3"
"Pass-along",1,"3"
"Pass-along",295,"3"
"Pass-along",62,"3"
"Pass-along",10,"3"
"Pass-along",550,"3"
"Pass-along",169,"3"
"Pass-along",875,"3"
"Pass-along",156,"3"
"Pass-along",284,"3"
"Pass-along",90,"3"
"Pass-along",428,"3"
"Pass-along",145,"3"
"Pass-along",114,"3"
"Pass-along",224,"3"
"Pass-along",44,"3"
"Pass-along",121,"3"
"Pass-along",122,"3"
"Pass-along",383,"3"
"Pass-along",147,"3"
"Pass-along",5,"3"
"Pass-along",497,"3"
"Pass-along",286,"3"
"Pass-along",524,"3"
"Pass-along",16,"3"
"Pass-along",8,"3"
"Pass-along",5,"3"
"Pass-along",665,"3"
"Pass-along",428,"3"
"Pass-along",851,"3"
"Pass-along",770,"3"
"Pass-along",301,"3"
"Pass-along",273,"3"
"Pass-along",28,"3"
"Pass-along",98,"3"
"Pass-along",856,"3"
"Pass-along",77,"3"
"Pass-along",2698,"3"
"Pass-along",9,"3"
"Pass-along",95,"3"
"Pass-along",645,"3"
"Pass-along",462,"3"
"Pass-along",484,"3"
"Pass-along",1351,"3"
"Pass-along",1132,"3"
"Pass-along",288,"3"
"Pass-along",15,"3"
"Pass-along",242,"3"
"Pass-along",64,"3"
"Pass-along",460,"3"
"Pass-along",52,"3"
"Pass-along",317,"3"
"Pass-along",891,"3"
"Pass-along",91,"3"
"Pass-along",137,"3"
"Pass-along",99,"3"
"Pass-along",7,"3"
"Pass-along",52,"3"
"Pass-along",448,"3"
"Pass-along",500,"3"
"Pass-along",95,"3"
"Pass-along",246,"3"
"Pass-along",132,"3"
"Pass-along",336,"3"
"Pass-along",923,"3"
"Pass-along",9,"3"
"Pass-along",366,"3"
"Pass-along",3,"3"
"Pass-along",116,"3"
"Pass-along",208,"3"
"Pass-along",609,"3"
"Pass-along",696,"3"
"Pass-along",30,"3"
"Pass-along",138,"3"
"Pass-along",1383,"3"
"Pass-along",450,"3"
"Pass-along",677,"3"
"Pass-along",149,"3"
"Pass-along",1006,"3"
"Pass-along",54,"3"
"Pass-along",935,"3"
"Pass-along",17,"3"
"Pass-along",181,"3"
"Pass-along",541,"3"
"Pass-along",2494,"3"
"Pass-along",151,"3"
"Pass-along",5,"3"
"Pass-along",19,"3"
"Pass-along",1125,"3"
"Pass-along",192,"3"
"Pass-along",173,"3"
"Pass-along",34,"3"
"Pass-along",7,"3"
"Pass-along",5,"3"
"Pass-along",3,"3"
"Pass-along",4,"3"
"Pass-along",33,"3"
"Pass-along",7,"3"
"Pass-along",13,"3"
"Pass-along",195,"3"
"Pass-along",1239,"3"
"Pass-along",19,"3"
"Pass-along",107,"3"
"Pass-along",302,"3"
"Pass-along",176,"3"
"Pass-along",56,"3"
"Pass-along",7,"3"
"Pass-along",5,"3"
"Pass-along",71,"3"
"Pass-along",239,"3"
"Pass-along",116,"3"
"Pass-along",7,"3"
"Pass-along",608,"3"
"Pass-along",25,"3"
"Pass-along",177,"3"
"Pass-along",455,"3"
"Pass-along",2,"3"
"Pass-along",952,"3"
"Pass-along",246,"3"
"Pass-along",254,"3"
"Pass-along",2035,"3"
"Pass-along",14,"3"
"Pass-along",1391,"3"
"Pass-along",3,"3"
"Pass-along",188,"3"
"Punishment",484,"3"
"Punishment",31,"3"
"Punishment",41,"3"
"Punishment",328,"3"
"Punishment",41,"3"
"Punishment",18,"3"
"Punishment",33,"3"
"Punishment",32,"3"
"Punishment",237,"3"
"Punishment",629,"3"
"Punishment",104,"3"
"Punishment",360,"3"
"Punishment",247,"3"
"Punishment",35,"3"
"Punishment",10,"3"
"Punishment",139,"3"
"Punishment",252,"3"
"Punishment",584,"3"
"Punishment",99,"3"
"Punishment",82,"3"
"Punishment",286,"3"
"Punishment",60,"3"
"Opportunism",78,"3"
"Opportunism",941,"3"
"Opportunism",22,"3"
"Opportunism",2859,"3"
"Opportunism",85,"3"
"Opportunism",3,"3"
"Opportunism",473,"3"
"Opportunism",33,"3"
"Opportunism",319,"3"
"Opportunism",119,"3"
"Opportunism",396,"3"
"Opportunism",1262,"3"
"Opportunism",347,"3"
"Opportunism",76,"3"
"Opportunism",11,"3"
"Opportunism",29,"3"
"Opportunism",294,"3"
"Opportunism",118,"3"
"Opportunism",29,"3"
"Opportunism",698,"3"
"Opportunism",170,"3"
"Opportunism",147,"3"
"Opportunism",725,"3"
"Opportunism",311,"3"
"Opportunism",126,"3"
"Opportunism",16,"3"
"Opportunism",20,"3"
"Opportunism",52,"3"
"Opportunism",595,"3"
"Opportunism",125,"3"
"Retaliation",0,"2"
